id;name;picture;picture_content_type;info;date_created;date_updated
1;schemas Synergistic Personal Loan Account;../data/blob/hipster.png;image/png;../data/blob/hipster.txt;2019-07-31T07:35:34;2019-07-30T21:16:44
2;Borders;../data/blob/hipster.png;image/png;../data/blob/hipster.txt;2019-07-30T14:23:32;2019-07-31T04:53:19
3;Handcrafted Cotton Bacon Unbranded Fresh Pants;../data/blob/hipster.png;image/png;../data/blob/hipster.txt;2019-07-31T08:53:18;2019-07-31T00:32:14
4;Practical North Dakota;../data/blob/hipster.png;image/png;../data/blob/hipster.txt;2019-07-31T08:41:18;2019-07-31T01:40:32
5;Towels Specialist;../data/blob/hipster.png;image/png;../data/blob/hipster.txt;2019-07-30T13:25:01;2019-07-30T19:22:16
6;Computers Small Fresh Gloves back-end;../data/blob/hipster.png;image/png;../data/blob/hipster.txt;2019-07-31T06:30:06;2019-07-31T01:42:41
7;synthesizing composite;../data/blob/hipster.png;image/png;../data/blob/hipster.txt;2019-07-30T10:23:07;2019-07-30T18:36:06
8;Refined Intelligent Granite Shirt;../data/blob/hipster.png;image/png;../data/blob/hipster.txt;2019-07-30T20:34:33;2019-07-30T16:45:46
9;Metal Frozen;../data/blob/hipster.png;image/png;../data/blob/hipster.txt;2019-07-30T10:16:57;2019-07-30T21:09:36
10;alliance redundant global;../data/blob/hipster.png;image/png;../data/blob/hipster.txt;2019-07-30T23:00:57;2019-07-30T15:41:39
