id;title;content;date_created;date_updated
1;Advanced grow;../data/blob/hipster.txt;2019-07-30T19:50:09;2019-07-31T08:11:59
2;Soft Fresh payment;../data/blob/hipster.txt;2019-07-30T15:38:46;2019-07-30T17:12:23
3;Versatile seize;../data/blob/hipster.txt;2019-07-30T22:05:10;2019-07-31T02:41:39
4;EXE;../data/blob/hipster.txt;2019-07-31T04:11:05;2019-07-30T23:04:45
5;auxiliary Strategist Arizona;../data/blob/hipster.txt;2019-07-31T01:48:24;2019-07-30T12:09:50
6;Tuvalu;../data/blob/hipster.txt;2019-07-30T09:43:13;2019-07-30T11:29:33
7;Optional;../data/blob/hipster.txt;2019-07-30T16:51:41;2019-07-30T10:17:17
8;Central African Republic;../data/blob/hipster.txt;2019-07-30T18:26:44;2019-07-31T04:20:52
9;heuristic Orchestrator Naira;../data/blob/hipster.txt;2019-07-31T00:19:49;2019-07-30T11:55:25
10;Unbranded Plastic Chips Brand Regional;../data/blob/hipster.txt;2019-07-30T22:36:56;2019-07-31T06:59:20
