id;name;description;date_created;date_updated
1;yellow;Books Generic;2019-07-30T17:09:33;2019-07-31T01:28:26
2;withdrawal;quantifying Garden;2019-07-30T14:00:14;2019-07-31T03:17:40
3;Avon;Rupiah Personal Loan Account HTTP;2019-07-30T15:54:34;2019-07-30T23:31:14
4;Specialist China deliverables;multi-byte Producer;2019-07-30T23:38:54;2019-07-31T06:29:11
5;Robust Louisiana;Infrastructure SSL bandwidth;2019-07-30T15:31:49;2019-07-30T15:47:36
6;Configurable iterate Liechtenstein;navigating encoding;2019-07-30T12:03:31;2019-07-31T07:09:05
7;Small Frozen Salad bypassing;time-frame Quality;2019-07-30T10:44:12;2019-07-30T21:58:14
8;Borders Practical;methodical;2019-07-31T01:39:47;2019-07-30T20:15:44
9;ivory Data neural;Unbranded;2019-07-30T21:41:06;2019-07-30T10:10:10
10;Designer;mindshare;2019-07-30T12:14:47;2019-07-30T20:26:57
